,0
0,C=C1/C(=C\C=C2CCC[C@@]3(C)[C@H]2CC[C@@H]3[C@H](C)C=C[C@@H](O)C2CC2)C[C@@H](O)C[C@@H]1O
1,COc1cc2c(Nc3ccc(Br)cc3F)ncnc2cc1OCC1CCN(C)CC1
2,CN[C@@H]1CC[C@@H](c2ccc(Cl)c(Cl)c2)c2ccccc21
3,CC1(C)CCC(CN2CCN(c3ccc(C(=O)NS(=O)(=O)c4ccc(NCC5CCOCC5)c([N+](=O)[O-])c4)c(Oc4cnc5[nH]ccc5c4)c3)CC2)=C(c2ccc(Cl)cc2)C1
4,C[C@@H]1CC2C3CCC4=CC(=O)C=CC4(C)[C@]3(F)[C@@H](O)CC2(C)[C@]1(O)C(=O)CO
5,N=C(N)SCCc1ccc(OCc2ccc([N+](=O)[O-])cc2)cc1
6,COCc1c(C(C)C)nc(C(C)C)c(/C=C/[C@@H](O)C[C@@H](O)CC(=O)O)c1-c1ccc(F)cc1
7,O=C(C=Cc1ccc(CN(CCO)CCc2c[nH]c3ccccc23)cc1)NO
8,CCN(CCO)CCCOc1ccc2c(Nc3cc(CC(=O)Nc4cccc(F)c4)[nH]n3)ncnc2c1
9,CC(=O)O[C@H]1C(=O)[C@@]2(C)C([C@H](OC(=O)c3ccccc3)[C@]3(O)C[C@H](OC(=O)[C@H](O)[C@@H](NC(=O)c4ccccc4)c4ccccc4)C(C)=C1C3(C)C)[C@]1(OC(C)=O)CO[C@@H]1C[C@@H]2O
10,CC(C)C(=O)OC[C@H]1O[C@@H](n2ccc(N)nc2=O)[C@](C)(F)[C@@H]1OC(=O)C(C)C
11,CCOC(=O)N1CCC(=C2c3ccc(Cl)cc3CCc3cccnc32)CC1
12,CC[C@@]1(O)C(=O)OCc2c1cc1n(c2=O)Cc2cc3c(CN(C)C)c(O)ccc3nc2-1
13,Nc1ncnc2[nH]nc(Nc3ccc(F)cc3)c12
14,COc1cc2ncnc(Nc3ccc(F)c(Cl)c3)c2cc1OCCCN1CCOCC1
15,O=c1[nH]c(=O)n([C@@H]2C[C@H](O)[C@@H](CO)O2)cc1F
16,COc1cccc(CNc2ncnc3ccc(-c4c(C)noc4C)cc23)c1
17,CC[C@@H](C(=O)C(C)[C@@H](O)[C@H](C)CCc1ccc(C)c(O)c1C(=O)O)C1OC(CC)(C2CC[C@](O)(CC)[C@H](C)O2)C[C@@H]1C
18,COc1cc2nccc(Oc3ccc(NC(=O)Nc4cc(C)on4)c(Cl)c3)c2cc1OC
19,CCCC(=O)Nc1cccc(NC(=O)c2ccccc2Br)c1
20,O=C(NOC[C@H](O)CO)c1ccc(F)c(F)c1Nc1ccc(I)cc1F
21,C=C1CC2C(CC[C@]3(C)C(=O)CCC23)[C@@]2(C)C=CC(=O)C=C12
22,Nc1cc(C(F)(F)F)c(-c2cc(N3CCOCC3)nc(N3CCOCC3)n2)cn1
23,COC(=O)Nc1nc2ccc(Sc3ccccc3)cc2[nH]1
24,CN1CCc2c(c3ccccc3n2Cc2ccc(C(=O)NO)cc2)C1
25,C=C1/C(=C\C=C2CCC[C@@]3(C)[C@H]2CC[C@@H]3[C@H](C)C=C[C@H](C)C(C)(C)O)C[C@@H](O)C[C@@H]1O
26,CN1CCC(Nc2ncc3ncnc(Nc4ccc(F)c(Cl)c4)c3n2)CC1
27,COC(=O)C1=C(C)NC(C)=C(C(=O)OCCCN2CCC(c3ccccc3)(c3ccccc3)CC2)C1c1cccc([N+](=O)[O-])c1
28,O=C1NC(=O)C(c2cn(CCCn3ccnc3)c3ccccc23)=C1Nc1ccccc1
29,CC1=CC(=O)c2ccccc2C1=O
30,CN(NC(=O)CC(=O)NN(C)C(=S)c1ccccc1)C(=S)c1ccccc1
31,Nc1nc(F)nc2c1ncn2[C@@H]1O[C@H](CO)[C@@H](O)[C@@H]1O
32,Fc1ccc([C@@H]2CCNC[C@H]2COc2ccc3c(c2)OCO3)cc1
33,Cc1ncc(NC(=O)c2ccc(CN3CCN(C)CC3)c(C(F)(F)F)c2)cc1Nc1nccc(-c2cccnc2)n1
34,OCc1cc(C(O)CNCCCCCCOCCCCc2ccccc2)ccc1O
35,c1ccc2c(-c3ccncc3)c[nH]c2c1
36,COc1ccc(Cn2ccc3ccc(C(=O)NO)cc32)cc1
37,C=C1[C@@H](C)[C@H]2[C@H](Cc3ccccc3)NC(=O)[C@]23OC(=O)C=C[C@H](O)CCC[C@@H](C)CC=C[C@H]3[C@@H]1O
38,COc1cc2c(cc1Cc1cccc(Cl)c1F)c(=O)c(C(=O)O)cn2[C@H](CO)C(C)C
39,CN(C)c1ccc2nc3ccc(N(C)C)cc3[s+]c2c1
40,COc1ccc(C2Sc3ccccc3N(CCN(C)C)C(=O)C2OC(C)=O)cc1
41,Nc1cccc(-c2cc3c(Oc4cccc(O)c4)ncnc3[nH]2)c1
42,CCc1nc(-c2cccc(C)c2)c(-c2ccnc(NC(=O)c3ccccc3)c2)s1
43,CC1CCN(C(=O)Cn2c3ccccc3c3nc4n(c(=O)c32)CCCS4)CC1
44,O=C(Nc1nc2cccc(-c3ccc(CN4CCS(=O)(=O)CC4)cc3)n2n1)C1CC1
45,Cc1ccccc1C(=O)Nc1ccc(C(=O)N2CCCC(O)c3cc(Cl)ccc32)c(C)c1
46,O=C(c1cn(Cc2cncn2Cc2ccc(Br)cc2)cc1-c1cccc2ccccc12)N1CCOCC1
47,CC=Cc1ccc([C@H]2[C@@H](C#N)N(S(=O)(=O)c3cccc(F)c3)[C@H]2CO)cc1
48,COc1ccc(C(=O)Nc2sc3c(c2C(N)=O)CCCC3)cc1OC
49,Nc1ncnc2nc(-c3ccc(N4CCOCC4)nc3)cc(-c3cccc(Br)c3)c12
50,CSc1sc(C(=O)O)c2c1C(=O)CC(C)(C)C2
51,CC/C(=C(\c1ccc(O)cc1)c1ccc(OCCN(C)C)cc1)c1ccccc1
52,COc1ccc(C2=N[C@H](c3ccc(Cl)cc3)[C@H](c3ccc(Cl)cc3)N2C(=O)N2CCNC(=O)C2)c(OC(C)C)c1
53,CC(C)(C)c1cc(NC(=O)Nc2ccc(-c3cn4c(n3)sc3cc(OCCN5CCOCC5)ccc34)cc2)no1
54,Oc1cccc(-c2nc(N3CCOCC3)c3oc4ncccc4c3n2)c1
55,CCCC[C@@H](C)C=C(C)C=C(C)C(=O)NC1=C[C@@](O)(C=CC=CC=CC(=O)NC2C(=O)CCC2=O)[C@@H]2OC2C1=O
56,CC(C)C[C@H](NC(=O)[C@H](CCc1ccccc1)NC(=O)CN1CCOCC1)C(=O)N[C@@H](Cc1ccccc1)C(=O)N[C@@H](CC(C)C)C(=O)[C@@]1(C)CO1
57,Cn1cnc2c(F)c(Nc3ccc(Br)cc3F)c(C(=O)NOCCO)cc21
58,c1ccc(-c2ccc(CNc3nc(-c4ccccn4)nnc3-c3ccccc3)cc2)cc1
59,CC(C)NC(=O)N1[C@H](CO)[C@@H](c2ccc(C#CC3CCCCC3)cc2)[C@@H]1C#N
60,O=C1N=C(NCc2ccccc2)S/C1=C/c1ccc(O)cc1
61,Cc1cc(Nc2cc(CN3CCOCC3)c3nc(C)c(Cc4ccc(Cl)cc4F)n3n2)[nH]n1
62,NC(=O)Nc1sc(-c2ccc(F)cc2)cc1C(N)=O
63,C=C1/C(=C\C=C2CCC[C@@]3(C)[C@H]2CC[C@@H]3[C@H](C)CCCC(C)(C)O)C[C@@H](O)C[C@@H]1O
64,C[C@H]1CN([C@@H](C)CO)C(=O)c2cccc(NC(=O)c3ccncc3)c2O[C@@H]1CN(C)Cc1ccc(Oc2ccccc2)cc1
65,Cc1sc2c(c1C)C(c1ccc(Cl)cc1)=N[C@@H](CC(=O)Nc1ccc(O)cc1)c1nnc(C)n1-2
66,O=C(/C=C/c1ccc(Cl)c(Cl)c1)NC1=NCCS1
67,O=C(NCCCNc1nc(Nc2cccc(NC(=O)N3CCCC3)c2)ncc1I)c1cccs1
68,CNC(=O)c1ccccc1Nc1nc(Nc2ccc3c(c2OC)CCC[C@H](N2CCN(CCO)CC2)C3)ncc1Cl
69,COc1ccc(C[C@H](C)NC[C@@H](O)c2ccc(O)c(NC=O)c2)cc1
70,Cc1c(C)c2c(c(C)c1O)CCC(C)(COc1ccc(CC3SC(=O)NC3=O)cc1)O2
71,Nc1nc2ccc(Cl)cc2c2nc(-c3ccco3)nn12
72,NC(=O)Nc1cc(-c2cccc(F)c2)sc1C(=O)N[C@H]1CCCNC1
73,C[C@H](O)C#Cc1ccc2c(c1)O[C@@H](CN(C)Cc1ccc(-c3ccccc3)cc1)[C@H](C)CN([C@@H](C)CO)S2(=O)=O
74,C[C@H]1CN([C@H](C)CO)C(=O)Cc2cc(NC(=O)Nc3ccc(C(F)(F)F)cc3)ccc2O[C@H]1CN(C)Cc1ccc(C(=O)Nc2ccccc2N)cc1
75,Cc1ccc2cc3c(ccc4ccccc43)c3c2c1CC3
76,CN1c2ccccc2C(=O)N2CCc3c([nH]c4ccccc34)C21
77,C=C1/C(=C\C=C2CCC[C@]3(C)C2CCC3C(C)CCCC(C)(C)O)CC(O)C[C@@H]1O
78,O=C(C[C@@H]1CC[C@H]2[C@@H](COC[C@@H](O)CN2Cc2ccc3c(c2)OCO3)O1)Nc1ccc(-c2ccccc2)cc1
79,COc1cccc2c1C(=O)c1c(O)c3c(c(O)c1C2=O)C[C@@](O)(C(C)=O)C[C@@H]3O[C@H]1C[C@H](N)[C@H](O)[C@H](C)O1
80,CC(=O)[C@@]1(O)CCC2C3C[C@H](C)C4=CC(=O)C=CC4(C)[C@@]3(F)[C@@H](O)C[C@@]21C
81,COc1cc2ncnc(-n3nc(-c4ccccn4)nc3N)c2cc1OC
82,Cc1cc2nc(NCCCO)n(CC(=O)c3cc(C(C)(C)C)c(O)c(C(C)(C)C)c3)c2cc1C
83,COC(=O)N1C(=O)[C@](CC(C)C)(c2ccccc2)N1C(=O)OC
84,CC=CCC=CCCC(=O)[C@H]1O[C@H]1C(N)=O
85,C[C@@H](CO)N1C[C@@H](C)[C@H](CN(C)C(=O)Nc2cc(F)ccc2F)Oc2cc(C#CC3CCCC3)ccc2S1(=O)=O
86,Cc1ccc(S(=O)(=O)NCc2ccc(C(=O)NCCN(Cc3ccccc3)C(C)C)cc2)cc1
87,FC(F)(F)c1ccc(Cl)c(Nc2nnc(-c3ccncc3)s2)c1
88,COc1ccc(CN(C)C[C@@H]2OCCCC[C@H](C)Oc3ccc(NC(=O)Nc4ccc(C(F)(F)F)cc4)cc3C(=O)N([C@@H](C)CO)C[C@H]2C)cc1
89,CC(C)NC(=O)Nc1ccc2c(c1)C(=O)N([C@@H](C)CO)C[C@@H](C)[C@H](CN(C)C(=O)NC1CCCCC1)OCCCC[C@H](C)O2
90,CCCC[C@@H](C)/C=C(C)/C=C(\C)C(=O)NC1=C[C@@](O)(C=CC=CC=CC(=O)NC2C(=O)CCC2=O)[C@@H]2O[C@@H]2C1=O
91,O=c1cc(N2CCOCC2)oc2c(-c3ccccc3)cccc12
92,COCC(=O)N1CC2(CCN(Cc3ccccc3)CC2)c2c([nH]c3cc(OC)ccc23)[C@H]1CO
93,Brc1ccc2c(c1)CN1CCCC1=N2
94,COc1cc(/C=C/C(=O)N2CCC=CC2=O)cc(OC)c1OC
95,Cc1cccc(-c2nn3c(c2-c2ccnc4ccc(C(N)=O)cc24)CCC3)n1
96,COc1cc2c(N3CCN(C(=O)Nc4ccc(OC(C)C)cc4)CC3)ncnc2cc1OCCCN1CCCCC1
97,CCCOc1ccc(Br)cc1-c1cc(-c2ccc(Cl)cc2)[nH]c1-c1ccncc1
98,CN1CCN(C2CCN(C(=O)Nc3cc(Oc4ccc(NC(=O)C5(C(=O)Nc6ccc(F)cc6)CC5)c(F)c4)ccn3)CC2)CC1
99,O=C(O)C=Cc1ccc(-c2ccc(O)c(C34CC5CC(CC(C5)C3)C4)c2)cc1
100,O=C(CCCCCCCn1cc(-c2cccnc2)nn1)Nc1ccccc1-c1ccccc1
101,NC(=O)NN=Cc1ccc(Oc2ccc(F)cc2)cc1
102,C=C[C@@]1(C)CC(=O)[C@@]2(O)[C@](C)(O1)[C@@H](OC(C)=O)[C@@H](O)[C@H]1C(C)(C)CC[C@@H](O)[C@@]12C
103,C[C@@H](CO)N1C[C@@H](C)[C@@H](CN(C)Cc2ccc(C(=O)Nc3ccccc3N)cc2)Oc2c(NC(=O)Nc3ccccc3)cccc2C1=O
104,CC(=O)O[C@H]1C(=O)[C@]2(C)[C@@H](O)C[C@H]3OC[C@@]3(OC(C)=O)[C@H]2[C@H](OC(=O)c2ccccc2)[C@]2(O)C[C@H](OC(=O)[C@H](O)[C@@H](NC(=O)c3ccccc3)c3ccccc3)C(C)=C1C2(C)C
105,Cc1cc(CCC[C@H](CC(=O)NO)C(=O)N[C@H](C(=O)N[C@H](C)c2ccccc2)C(C)(C)C)ccc1-c1ccccc1
106,O=C(CN1C2=NCCN2c2ccccc21)c1ccc(-c2ccccc2)cc1
107,CCCC(C)C1(CC)C(=O)NC(=O)NC1=O
108,O=C(C[C@H]1CC[C@H]2[C@@H](COC[C@H](O)CN2Cc2ccc3c(c2)OCO3)O1)Nc1ccc(-c2ccccc2)cc1
109,O=C(N[C@H]1CN2CCC1CC2)c1cc2cccc(Cl)c2s1
110,C/C=C/C[C@@H](C)[C@@H](O)C1C(=O)NC(CC)C(=O)N(C)CC(=O)N(C)C(CC(C)C)C(=O)NC(C(C)C)C(=O)N(C)C(CC(C)C)C(=O)NC(C)C(=O)N[C@H](C)C(=O)N(C)C(CC(C)C)C(=O)N(C)C(CC(C)C)C(=O)N(C)C(C(C)C)C(=O)N1C
111,NC1(c2ccc(-c3nc4ccn5c(=O)[nH]nc5c4cc3-c3ccccc3)cc2)CCC1
112,O=c1[nH]c(=O)n([C@H]2C[C@H](O)[C@@H](CO)O2)cc1C(F)(F)F
113,CC(C)C(=O)Nc1ccc([N+](=O)[O-])c(C(F)(F)F)c1
114,CC(Cc1ccc(O)c(O)c1)C(C)Cc1ccc(O)c(O)c1
115,CC1(C)C=Cc2c(ccc3c2[N+]([O-])=C2C3=C[C@@]34NC(=O)[C@]5(CCCN5C3=O)C[C@H]4C2(C)C)O1
116,COc1ccc2c3c([nH]c2c1)[C@@H](CO)N(C(=O)C1CCOCC1)CC31CCN(Cc2cccc(F)c2)CC1
117,C[C@]12CC[C@@H](O)[C@@](C)(CO)[C@@H]1CC[C@H]1C[C@@H]3C[C@@]12CC[C@]3(O)CO
118,CCOC(=O)c1ncc2[nH]c3cccc(OC(C)C)c3c2c1C
119,COc1ccc(C2CC(c3c(O)cc(C)oc3=O)=NCCS2)c(OC)c1
120,COc1cc(NS(C)(=O)=O)ccc1Nc1c2ccccc2nc2ccccc12
121,Cc1ccc(NC(=O)c2ccc(CN3CCN(C)CC3)cc2)cc1Nc1nccc(-c2cccnc2)n1
122,CSc1ccc2c(c1)N(CCC1CCCCN1C)c1ccccc1S2
123,COC(=O)C1=C(C)NC(C)=C(C(=O)OCCCN2CCC(c3ccccc3)(c3ccccc3)CC2)[C@H]1c1cccc([N+](=O)[O-])c1
124,C=CCc1cccc(C=NNC(=O)CN2CCN(Cc3ccccc3)CC2)c1O
125,C[C@H]1CN([C@H](C)CO)C(=O)c2cc(NC(=O)Nc3ccccc3)ccc2O[C@H](C)CCCCO[C@H]1CN(C)Cc1ccncc1
126,CCOC(=O)N[C@@H]1CC[C@@H]2[C@@H](C1)C[C@H]1C(=O)O[C@H](C)[C@H]1[C@H]2C=Cc1ccc(-c2cccc(F)c2)cn1
127,Cn1nnnc1Sc1ncnc2scc(-c3ccccc3)c12
128,CCOC(=O)C1=C(COCCN)NC(C)=C(C(=O)OC)C1c1ccccc1Cl
129,CN1CCN(CCOc2cc(OC3CCOCC3)c3c(Nc4c(Cl)ccc5c4OCO5)ncnc3c2)CC1
130,O=C1CCC(N2C(=O)c3ccccc3C2=O)C(=O)N1
131,O=C(O)[C@]1(Cc2cccc(Nc3nccs3)n2)CC[C@@H](Oc2cccc(Cl)c2F)CC1
132,C=CC[C@@]1(O)CC[C@H]2[C@@H]3CCC4=CC(=O)CCC4=C3C=C[C@@]21C
133,CC(C)NC[C@@H](C(=O)N1CCN(c2ncnc3c2[C@H](C)C[C@@H]3O)CC1)c1ccc(Cl)cc1
134,COc1cccc(-c2ccc([C@@H]3[C@H](CO)N4CCCCN(C(=O)c5ccc(F)cc5)C[C@@H]34)cc2)c1
135,O=C1NC(O)CCN1[C@@H]1O[C@H](CO)[C@@H](O)[C@H]1O
136,O=C1Nc2ccccc2/C1=C\c1c[nH]cn1
137,CC(C)(C)c1nc(-c2cccc(NS(=O)(=O)c3c(F)cccc3F)c2F)c(-c2ccnc(N)n2)s1
138,C[C@@H](Oc1cc(-n2cnc3ccc(CN4CCN(C)CC4)cc32)sc1C(N)=O)c1ccccc1C(F)(F)F
139,CN(C)CC=CC(=O)Nc1cc2c(Nc3ccc(F)c(Cl)c3)ncnc2cc1O[C@H]1CCOC1
140,Cc1ccc(C(=O)n2c3ccccc3c3ccccc32)cc1
141,CC(=O)C(C(C)=O)c1c(Cl)c(O)c(O)c2c(C(=O)c3ccccc3)coc12
142,CC1(C)c2[nH]c3ccccc3c2C[C@@H]2C(=O)N(Cc3ccco3)C(=O)N21
143,CC#C[C@]1(O)CC[C@H]2[C@@H]3CCC4=CC(=O)CCC4=C3[C@@H](c3ccc(N(C)C)cc3)C[C@@]21C
144,CC(=Cc1ccc(C(=O)O)cc1)c1ccc2c(c1)C(C)(C)CCC2(C)C
145,CCNC(=O)c1noc(-c2cc(C(C)C)c(O)cc2O)c1-c1ccc(CN2CCOCC2)cc1
146,CC(C)(O)C=CC(=O)[C@](C)(O)C1[C@H](O)C[C@@]2(C)C3CC=C4C(CC(=O)C(=O)C4(C)C)[C@]3(C)C(=O)C[C@]12C
147,COc1ccc2c3c([nH]c2c1)[C@H](CO)N(C(=O)C1CCOCC1)CC31CCN(Cc2cccc(F)c2)CC1
148,CCNC(=O)C[C@@H]1N=C(c2ccc(Cl)cc2)c2cc(OC)ccc2-n2c(C)nnc21
149,c1cc2c(cc1C1CCCCC1)c1c3n2CCNC3CCC1
150,CC[C@@H]1C(=O)N(C)c2cnc(Nc3ccc(C(=O)N[C@H]4CC[C@H](N5CCN(CC6CC6)CC5)CC4)cc3OC)nc2N1C(C)C
151,O=C(C[C@H]1C[C@@H]2c3cc(NC(=O)Cc4ccncc4)ccc3O[C@@H]2[C@H](CO)O1)NCc1cccnc1
152,Nc1nc(Cl)nc2c1ncn2[C@H]1C[C@H](O)[C@@H](CO)O1
153,Cc1nc(=O)c2cc(CN(C)c3ccc(C(=O)N[C@@H](CCC(=O)O)C(=O)O)s3)ccc2[nH]1
154,CN(C)c1ccc2c(c1)[C@@H]1C[C@@H](CC(=O)NCc3ccc(Oc4ccccc4)cc3)O[C@@H](CO)[C@@H]1O2
155,Cc1cc(C(=O)NOCCO)c(Nc2ccc(I)cc2F)n(C)c1=O
156,CO[C@H]1C[C@H]2CC[C@@H](C)[C@@](O)(O2)C(=O)C(=O)N2CCCC[C@H]2C(=O)O[C@H]([C@H](C)C[C@@H]2CC[C@H](OP(C)(C)=O)[C@H](OC)C2)CC(=O)[C@H](C)C=C(C)[C@@H](O)[C@@H](OC)C(=O)[C@H](C)C[C@H](C)C=CC=CC=C1C
157,Cc1ccc2c(c1)C1(CCN(CCc3nc(-c4ccccc4)oc3C)CC1)OC(=O)N2
158,C=CC(=O)Nc1cccc(Oc2nc(Nc3ccc(N4CCN(C)CC4)cc3OC)ncc2Cl)c1
159,COc1c(N2C[C@@H]3CCCN[C@@H]3C2)c(F)cc2c(=O)c(C(=O)O)cn(C3CC3)c12
160,CCCOc1ccc(-c2nc(OC)c3ccccc3n2)cc1
161,O=C(Cc1ccc(-c2ccc(OCCN3CCOCC3)cc2)cn1)NCc1ccccc1
162,CC(C)S(=O)(=O)NC[C@H](C)c1ccc(-c2ccc(CCNS(C)(=O)=O)cc2)cc1
163,COc1c(C)c2c(c(O)c1CC=C(C)CCC(=O)O)C(=O)OC2
164,CCOC(=O)C1=C(CN2CCc3ccccc32)NC(=O)NC1c1cccc([N+](=O)[O-])c1
165,C[C@]12CC[C@@H]3c4ccc(O)cc4CC(CCCCCCCCCS(=O)CCCC(F)(F)C(F)(F)F)[C@H]3[C@@H]1CC[C@@H]2O
166,COc1cccc(-c2ccc3ncnc(NCc4cccnc4)c3c2)c1
167,Cc1ccc(C(=O)N(CCCN)[C@@H](c2oc3cc(Cl)ccc3c(=O)c2Cc2ccccc2)C(C)C)cc1
168,COC1=CC(=O)C[C@@H](C)[C@@]12Oc1c(Cl)c(OC)cc(OC)c1C2=O
169,N#CCNC(=O)c1ccc(-c2ccnc(Nc3ccc(N4CCOCC4)cc3)n2)cc1
170,O=C(c1ccccc1)c1ccc2n1CCC2C(=O)O
171,O=C1Cc2c([nH]c3ccc(Br)cc23)-c2ccccc2N1
172,N[C@H]1[C@@H]2CN(c3nc4c(cc3F)c(=O)c(C(=O)O)cn4-c3ccc(F)cc3F)C[C@H]12
173,C=CC(=O)Nc1cccc(Nc2nc(Nc3ccc(OCCOC)cc3)ncc2F)c1
174,O=C(Nc1cccc(NC(=O)c2cccc(O)c2O)c1)c1cccc(O)c1O
175,COC1CC2CCC(C)C(O)(O2)C(=O)C(=O)N2CCCCC2C(=O)OC(C(C)CC2CCC(OC(=O)C(C)(CO)CO)C(OC)C2)CC(=O)C(C)C=C(C)C(O)C(OC)C(=O)C(C)CC(C)C=CC=CC=C1C
176,CCc1cnc(N2CCC(c3nc(COc4ccc(-n5cnnn5)cc4)cs3)CC2)nc1
177,CCc1c(O)cc(O)c(C(=O)c2ccc(OCCN3CCOCC3)c(OC)c2)c1CC(=O)N(CCOC)CCOC
178,O=C(Nc1ccc(C(F)(F)F)cc1)Nc1ccc2c(c1)[C@@H]1C[C@H](CC(=O)N3CCc4ccccc4C3)O[C@@H](CO)[C@@H]1O2
179,COc1cc(F)c(F)c(Nc2ccc(I)cc2F)c1NS(=O)(=O)C1(C[C@H](O)CO)CC1
180,COc1cc(C=CC(=O)N2CCCCC2=O)cc(OC)c1OCCN1CCOCC1
181,CCCN(CCC)CCNC(=O)C1CCN(Cc2nc(-c3ccc(Cl)cc3)oc2C)CC1
182,Cn1c(=O)c(F)c(Nc2ccc(I)cc2F)c2c(=O)n(C[C@@H](O)CO)cnc21
183,c1ccc(CC2CCN(c3ncnc4sccc34)CC2)cc1
184,CC(=O)OCC(=O)[C@@]1(O)CCC2C3CCC4=CC(=O)CC[C@]4(C)[C@@]3(F)[C@@H](O)C[C@@]21C
185,COc1cc(N2CCC(N3CCN(C)CC3)CC2)ccc1Nc1ncc(Cl)c(Nc2ccccc2S(=O)(=O)C(C)C)n1
186,CC1=C2C[C@H]3[C@@H](CC=C4C[C@@H](O)CC[C@@]43C)[C@@H]2CC[C@]12O[C@@H]1C[C@H](C)CN[C@H]1[C@H]2C
187,O=C1NC(=O)c2c1c1c3ccccc3n3c1c1c2c2ccccc2n1C1CCC3O1
188,CC#CC1(O)CCC2C3CCC4=CC(=O)CCC4=C3C(c3ccc(N(C)C)cc3)CC21C
189,CC(C)(O)CC(=O)NCCn1ccc2ncnc(Nc3ccc(Oc4cccc(C(F)(F)F)c4)c(Cl)c3)c21
190,Cc1cccc(C)c1NC1=NCCCS1
191,OCCN1CCN(CCCN2c3ccccc3Sc3ccc(C(F)(F)F)cc32)CC1
192,CS(=O)c1ccc(-c2nc(-c3ccc(F)cc3)c(-c3ccncc3)[nH]2)cc1
193,CC(C)C[C@@H](C=O)NC(=O)[C@H](CC(C)C)NC(=O)[C@H](CC(C)C)NC(=O)OCc1ccccc1
194,Nc1nc(Nc2ccc3c(c2)CC[C@@H](N2CCCC2)CC3)nn1-c1cc2c(nn1)-c1ccccc1CCC2
195,Cc1c[nH]c(-c2cnc(NCCNc3ccc(C#N)cn3)nc2-c2ccc(Cl)cc2Cl)n1
196,COc1c(-c2ccc3cc(NS(C)(=O)=O)ccc3c2)cc(-n2ccc(=O)[nH]c2=O)cc1C(C)(C)C
197,COc1ccc(CCN(C)CCCOc2ccc(S(=O)(=O)c3c(C(C)C)c4ccccc4n3C)cc2)cc1OC
198,CC(C)C[C@@H](C(=O)N[C@H](C(=O)OC1CCCC1)c1ccccc1)[C@H](O)C(=O)NO
199,Oc1c(CN2CCCC2)cc(COCc2ccccc2)c2cccnc12
200,COc1ccc(-c2ccc3c(N4CCOC[C@@H]4C)nc(N4CCOC[C@@H]4C)nc3n2)cc1CO
201,O=C1[C@H](Cc2ccc(O)cc2)N2C(=O)CCN(C(=O)NCc3ccccc3)[C@H]2CN1Cc1cccc2ccccc12
202,COc1ccc(-c2ccc3c(N4CCOCC4)nc(N4C[C@H](C)O[C@H](C)C4)nc3n2)cc1CO
203,COc1ccc(-c2ccc3cc(C(=O)O)ccc3c2)cc1C12CC3CC(CC(C3)C1)C2
204,COc1ccc(CN(C)C[C@H]2OCCCC[C@H](C)Oc3ccc(NC(=O)C4CCCCC4)cc3C(=O)N([C@H](C)CO)C[C@@H]2C)cc1
205,C=C1C(=O)O[C@H]2[C@H]1CCC(C)=CCC[C@@]1(C)O[C@@H]21
206,Nc1nccc(Oc2ccc(NC(=O)c3c[nH]cc(-c4ccc(F)cc4)c3=O)cc2F)c1Cl
207,CCc1cnn2c(NCc3ccc[n+]([O-])c3)cc(N3CCCC[C@H]3CCO)nc12
208,CNC(=O)c1cc(Oc2ccc(NC(=O)Nc3ccc(Cl)c(C(F)(F)F)c3)cc2)ccn1
209,O=C(C=Cc1cccnc1)NCCCCC1CCN(C(=O)c2ccccc2)CC1
210,Nc1ncnc2c1c(I)cn2C1OC(CO)C(O)C1O
211,O=C(Oc1cccc(C=NNc2nc(Nc3ccccc3)nc(N3CCOCC3)n2)c1)c1ccco1
212,Cc1cc2c(C(C)C)c(O)c(O)c(C=O)c2c(O)c1-c1c(C)cc2c(C(C)C)c(O)c(O)c(C=O)c2c1O
213,COC1CC2CCC(C)C(O)(O2)C(=O)C(=O)N2CCCCC2C(=O)OC(C(C)CC2CCC(O)C(OC)C2)CC(=O)C(C)C=C(C)C(O)C(OC)C(=O)C(C)CC(C)C=CC=CC=C1C
214,COc1cccc2c1C(=O)c1c(O)c3c(c(O)c1C2=O)C[C@@](O)(C(=O)CO)C[C@@H]3O[C@H]1C[C@H](N)[C@H](O)[C@H](C)O1
215,Cc1cc(Nc2cc(N3CCN(C)CC3)nc(C=Cc3ccccc3)n2)n[nH]1
216,CC(C)CC(=O)Nc1n[nH]c2c1CN(C(=O)C1CCN(C)CC1)C2(C)C
217,CC(=O)NCC(=O)N1[C@H]2CC[C@@H]1c1cc(Nc3ncc(C(F)(F)F)c(NC4CCC4)n3)ccc12
218,COc1cc2c(Nc3ccc(NC(=O)c4ccccc4)cc3)ncnc2cc1OCCCN1CCOCC1
219,CO[C@@H](C(=O)N1Cc2[nH]nc(NC(=O)c3ccc(N4CCN(C)CC4)cc3)c2C1)c1ccccc1
220,O=C(Nc1cccc2cccnc12)c1ccc(N2C(=O)[C@H]3[C@H]4C=C[C@H](C4)[C@H]3C2=O)cc1
221,C[C@H]1CCCCO[C@H](CN(C)CC2CCCCC2)[C@@H](C)CN([C@H](C)CO)C(=O)c2cc(NC(=O)Nc3cccc4ccccc34)ccc2O1
222,COc1cc(C(=O)NS(=O)(=O)c2ccccc2C)ccc1Cc1cn(C)c2ccc(NC(=O)OC3CCCC3)cc12
223,Cc1ccc(-c2nc3ccc(C)cn3c2CC(=O)N(C)C)cc1
224,C[C@@H](CO)N1C[C@@H](C)[C@H](CN(C)S(=O)(=O)c2ccc3c(c2)OCCO3)Oc2c(NC(=O)Nc3cccc4ccccc34)cccc2C1=O
225,CC1=C(CO)C(=O)O[C@H](C(C)[C@H]2CC[C@@H]3[C@H]4C[C@H]5O[C@@]56[C@@H](O)C=CC(=O)[C@@]6(C)C4CC[C@@]23C)C1
226,CC(=O)NC(c1cccs1)c1cc(F)c2cccnc2c1O
227,COc1cc(C(=O)OCCCN2CCCN(CCCOC(=O)c3cc(OC)c(OC)c(OC)c3)CC2)cc(OC)c1OC
228,COc1ccccc1S(=O)(=O)N(C)C[C@H]1Oc2cc(C#CCC3CCCC3)ccc2S(=O)(=O)N([C@@H](C)CO)C[C@@H]1C
229,Cc1ccc(C(=O)NCCCCCC(=O)Nc2ccccc2N)cc1
230,CC12CCC3C(=CCc4cc(O)ccc43)C1CCC2=O
231,Cc1ccccc1C(=O)Nc1ccc(C(=O)N2CCCC(N(C)C)c3ccccc32)cc1
232,C#C[C@]1(O)CCC2C3CCC4=Cc5oncc5C[C@]4(C)C3CC[C@@]21C
233,COC1=C2CC(C)CC(OC)C(O)C(C)C=C(C)C(OC(N)=O)C(OC)C=CC=C(C)C(=O)NC(=CC1=O)C2=O
234,CN(C)C(=N)NC(=N)N
235,CN1CCN(CCCN2c3ccccc3Sc3ccc(C(F)(F)F)cc32)CC1
236,OC[C@H](Cc1ccccc1)Nc1nc(Oc2ccc3c(c2)CCC3)nc2c1ncn2Cc1ccc(-c2ccccc2)cc1
237,Cc1ccc(NC(=O)C2(c3ccc4c(c3)OC(F)(F)O4)CC2)nc1-c1cccc(C(=O)O)c1
238,CCCc1nc2c(C)cc(-c3nc4ccccc4n3C)cc2n1Cc1ccc(-c2ccccc2C(=O)O)cc1
239,CC(=O)N/N=C(\C)c1ccc(NC(=O)C2CC2)cc1
240,CN(Cc1ccccc1)C(=O)[C@H](Cc1ccc2ccccc2c1)NC(=O)[C@@H]1CCCN1C(=O)Nc1ccccc1[N+](=O)[O-]
241,CN(C)Cc1ccc(S(=O)(=O)n2ccc(C=CC(=O)NO)c2)cc1
242,CCC[C@@H](NC(=O)N1C(=O)C(CC)(CC)[C@@H]1Oc1ccc(C(=O)N2CCN(C)CC2)cc1)c1ccc2c(c1)OCO2
243,COc1cc2ncnc(Nc3ccc(O)c(Br)c3)c2cc1OC
244,CNC(C)C(=O)NC(C(=O)NC(C(=O)Nc1cccc2ccccc12)C(C)C)C(C)C
245,CC1(C)CCC(C)(C)c2cc(NC(=O)c3ccc(C(=O)O)cc3)ccc21
246,COc1ccc(S(=O)(=O)N(C)C[C@@H]2Oc3c(NC(=O)Nc4cccc5ccccc45)cccc3C(=O)N([C@@H](C)CO)C[C@H]2C)cc1
247,COC1=CC(=O)C[C@@H](C)[C@]12Oc1c(Cl)c(OC)cc(OC)c1C2=O
248,C[C@@H]1CC[C@H]2[C@@H](C)C(OC(=O)CCC(=O)O)OC3O[C@]4(C)CC[C@@H]1[C@]32OO4
249,C[C@]12CC[C@H]3[C@@H](CC(=O)[C@H]4CC(=NOCCN)CC[C@@]43C)[C@@H]1CCC2=O
250,CCNC(=O)c1cc2c(c(-c3cccc(-c4cccc(F)c4)c3)n1)[C@H](CCO)N([S@@](=O)C(C)(C)C)C2
251,CC(Nc1nc(N2CCCC2)nc2ccccc12)c1ccccc1
252,O=c1cc(-c2ccc(O)cc2)oc2cc(O)cc(O)c12
253,Cc1cccc(N(C)C(=S)Oc2ccc3ccccc3c2)c1
254,CCc1c2c(nc3ccc(OC(=O)N4CCC(N5CCCCC5)CC4)cc13)-c1cc3c(c(=O)n1C2)COC(=O)[C@]3(O)CC
255,CN(C)c1ccc2c(c1)[C@H]1C[C@H](CC(=O)NCc3ccc(Oc4ccccc4)cc3)O[C@H](CO)[C@H]1O2
256,C#Cc1cccc(Nc2ncnc3cc(OCCOC)c(OCCOC)cc23)c1
257,O=C(Nc1cccnn1)N1CCC(=Cc2cccc(Oc3ccc(C(F)(F)F)cn3)c2)CC1
258,COCC(=O)O[C@]1(CCN(C)CCCc2nc3ccccc3[nH]2)CCc2cc(F)ccc2[C@@H]1C(C)C
259,O=C(CSc1nc2ccccc2c(=O)n1-c1ccccc1F)Nc1ccc2c(c1)CCC2
260,Cn1cc(CNCC2CCN(c3ncc(C(=O)NO)cn3)CC2)c2ccccc21
261,CCN(CC)CCCC(C)Nc1c2ccc(Cl)cc2nc2ccc(OC)cc12
262,COc1ccc2c(O[C@H]3CC4C(=O)N(C)CCCCC=C[C@@H]5C[C@@]5(C(=O)NS(=O)(=O)C5CC5)NC(=O)[C@@H]4C3)cc(-c3nc(C(C)C)cs3)nc2c1C
263,CN(C)c1ccc(/C=C2\C(=O)Nc3ccccc32)c2ccccc12
264,CC[C@H](CO)Nc1nc(NCc2ccccc2)c2ncn(C(C)C)c2n1
265,CCCS(=O)(=O)Nc1ccc(F)c(C(=O)c2c[nH]c3ncc(Cl)cc23)c1F
266,O=C(CCCCCCC(=O)Nc1ccccc1)NO
267,COc1c(C)cnc(Cn2cnc3c(Cl)nc(N)nc32)c1C
268,CC(C)C[C@H](NC(=O)CNC(=O)c1cc(Cl)ccc1Cl)B(O)O
269,CC1(C)CCC(c2ccc(Cl)cc2)=C(CN2CCN(c3ccc(C(=O)NS(=O)(=O)c4ccc(N[C@H](CCN5CCOCC5)CSc5ccccc5)c(S(=O)(=O)C(F)(F)F)c4)cc3)CC2)C1
270,Nc1nc(Nc2ccccc2)nc2c1ncn2C1OC(CO)C(O)C1O
271,O=C(c1ccc(OCCN2CCCCC2)cc1)c1c(-c2ccc(O)cc2)sc2cc(O)ccc12
272,O=c1[nH]c(=O)n([C@H]2C[C@H](O)[C@@H](CO)O2)cc1F
273,C=C(c1ccc(C(=O)O)cc1)c1cc2c(cc1C)C(C)(C)CCC2(C)C
274,Cc1ccc(NC(=O)c2cccc(N(C)C)c2)cc1NC(=O)c1ccc(O)cc1
275,Nc1ccn([C@@H]2O[C@H](CO)[C@@H](O)[C@H]2O)c(=O)n1
276,O=[N+]([O-])c1cnc2ccccc2c1Sc1ccccc1
277,C=C1C[C@@H]2[C@H](CC[C@]3(C)C(=O)CC[C@@H]23)[C@@]2(C)C=CC(=O)C=C12
278,Nc1nc(Nc2ccc(S(N)(=O)=O)cc2)nn1C(=O)c1c(F)cccc1F
279,CN(C)CCCn1cc(C2=C(c3c[nH]c4ccccc34)C(=O)NC2=O)c2ccccc21
280,C[C@@]1(C(=O)Nc2ccc(F)nc2)CCCN1c1nc(Nc2cc(C3CC3)n[nH]2)c2cccn2n1
281,CC[C@H](CC#N)OC(=O)N[C@@H](C)c1cccc(NC(=O)Nc2ccc(-c3cnco3)c(OC)c2)c1
282,C=C1/C(=C\C=C2CCC[C@@]3(C)[C@H]2CC[C@@H]3[C@H](C)CC[C@@H](O)C(C)C)C[C@@H](O)C[C@@H]1O
283,N#CC[C@H](C1CCCC1)n1cc(-c2ncnc3[nH]ccc23)cn1
284,CC(=O)Nc1nc2c(Oc3cc(-c4ccc(C(F)(F)F)cc4)ncn3)cccc2s1
285,O=C1NC(=O)[C@@H](c2cn3c4c(cccc24)CCC3)[C@@H]1c1c[nH]c2ccccc12
286,O=C1c2c(O)ccc(O)c2C(=O)c2c(NCCNCCO)ccc(NCCNCCO)c21
287,C=CC(=O)N1CCC[C@@H](n2nc(-c3ccc(Oc4ccccc4)cc3)c3c(N)ncnc32)C1
288,COc1cc2c(Oc3ccc4[nH]c(C)cc4c3F)ncnc2cc1OCCCN1CCCC1
289,O=C1NC(=O)c2cc(Nc3ccc(F)cc3)c(Nc3ccc(F)cc3)cc21
290,S=C(NCCCc1c[nH]cn1)NCCCN(Cc1ccccc1)c1ccc(Br)cn1
291,C[C@@H]1CC(=O)NN=C1c1ccc(N)c([N+](=O)[O-])c1
292,Cc1ccccc1-c1ccc(CN(C)C[C@@H]2Oc3cc(C#C[C@@H](C)O)ccc3S(=O)(=O)N([C@@H](C)CO)C[C@@H]2C)cc1
293,Cc1cc([C@@H](C)Nc2ccccc2C(=O)O)c2nc(N3CCOCC3)cc(=O)n2c1
294,C[C@]12CC[C@@H]3c4ccc(O)cc4C[C@@H](CCCCCCCCCS(=O)CCCC(F)(F)C(F)(F)F)[C@H]3[C@@H]1CC[C@@H]2O
295,COc1ccc2c(c1)[nH]c1c(C)nccc12
296,Cc1onc(C(=O)N2CCN(C(c3ccc(Cl)cc3)c3ccc(Cl)cc3)CC2)c1[N+](=O)[O-]
297,Cc1ccc(C(=CCN2CCCC2)c2ccccn2)cc1
298,O=C(O)c1ccc(-c2ccc3cc(C45CC6CC(CC(C6)C4)C5)c(O)cc3c2)cc1
299,CO[C@H]1C[C@@H]2CC[C@@H](C)[C@@](O)(O2)C(=O)C(=O)N2CCCC[C@H]2C(=O)O[C@H]([C@H](C)C[C@@H]2CC[C@@H](OCCO)[C@H](OC)C2)CC(=O)[C@H](C)C=C(C)[C@@H](O)[C@@H](OC)C(=O)[C@H](C)C[C@H](C)C=CC=CC=C1C
300,Cc1sc2c(c1C)C(c1ccc(Cl)cc1)=N[C@@H](CC(=O)OC(C)(C)C)c1nnc(C)n1-2
301,O=c1c(-c2ccc(O)cc2)coc2cc(O)cc(O)c12
302,C/C=C(\C)C(=O)OC1C(C)=C2C(C1OC(=O)CCCCCCC)C(C)(OC(C)=O)CC(OC(=O)CCC)C1(O)C2OC(=O)C1(C)O
303,COc1cc(/C=C2\SC(Nc3ccccc3OC)=NC2=O)ccc1O
304,Oc1c(Cl)cc(Cl)c(Cl)c1Cc1c(O)c(Cl)cc(Cl)c1Cl
305,[2H]C([2H])([2H])C(O)(CCO[C@@H](C)[C@H]1CC[C@H]2C(=C/C=C3/C[C@@H](O)C[C@H](O)C3=C)CCC[C@]12C)C([2H])([2H])[2H]
306,COc1ccc(N(C(=O)CCl)C(C(=O)NCCc2ccccc2)c2cccs2)cc1Cl
307,CNC(=O)[C@H](Cc1c[nH]c2ccccc12)NC(=O)[C@@H](CC(=O)NO)CC(C)C
308,CC1=C(C(=O)Nc2cc3cn[nH]c3cc2F)C(c2ccc(C(F)(F)F)cc2)CC(=O)N1
309,Clc1ccc(COC(Cn2ccnc2)c2ccc(Cl)cc2Cl)cc1
310,CCCCCCN(CCCCCC)C(=O)Cc1c(-c2ccc(F)cc2)[nH]c2ccccc12
311,CN1CCN(CCCN2c3ccccc3Sc3ccc(Cl)cc32)CC1
312,Oc1c(Cl)cc(Cl)c2cccnc12
313,CC[C@@H]1C(=O)N(C)c2cnc(Nc3ccc(C(=O)NC4CCN(C)CC4)cc3OC)nc2N1C1CCCC1
314,CC(=O)Nc1ccc(C(=O)Nc2cc(-c3cccs3)ccc2N)cc1
315,CC(=O)Oc1ccc(C(c2ccc(OC(C)=O)cc2)c2ccccn2)cc1
316,O=C(NC1CCNCC1)c1n[nH]cc1NC(=O)c1c(Cl)cccc1Cl
317,C[C@]12CC[C@@H]3c4ccc(O)cc4C[C@@H](CCCCCCCCCS(=O)CCCC(F)(F)C(F)(F)F)C3[C@@H]1CC[C@@H]2O
318,O=C(C[C@@H]1C[C@H]2c3cc(NS(=O)(=O)c4ccc(F)cc4)ccc3O[C@H]2[C@H](CO)O1)NCc1ccc(Oc2ccccc2)cc1
319,C=C(C)[C@@H]1CC[C@]2(C(=O)O)CC[C@]3(C)[C@H](CC[C@@H]4[C@@]5(C)CC[C@H](O)C(C)(C)[C@@H]5CC[C@]43C)[C@@H]12
320,COc1cc(Nc2ncc(F)c(Nc3ccc4c(n3)NC(=O)C(C)(C)O4)n2)cc(OC)c1OC
321,CC[C@H](NC(=O)[C@H](C)NC)C(=O)N1C[C@@H](O)C[C@H]1Cc1c(-c2[nH]c3cc(F)ccc3c2C[C@@H]2C[C@H](O)CN2C(=O)[C@H](CC)NC(=O)[C@H](C)NC)[nH]c2cc(F)ccc12
322,C[C@@H]1C[C@H]2[C@@H]3CCC4=CC(=O)C=C[C@]4(C)[C@]3(F)[C@H](O)C[C@]2(C)[C@]1(O)C(=O)CO
323,Cc1ccc(NC(=O)c2cccc(C(C)(C)C#N)c2)cc1Nc1ccc2ncn(C)c(=O)c2c1
324,Cc1ccc(-c2nn(C(C)(C)C)c3ncnc(N)c23)cc1
325,C[C@H]1CN([C@H](C)CO)C(=O)c2ccccc2-c2ccccc2CO[C@H]1CN(C)Cc1ccc2c(c1)OCO2
326,CS(=O)(=O)c1cccc(CNc2nc(Nc3ccc4c(c3)CCC(=O)N4)ncc2C(F)(F)F)c1
327,CN(C(Cc1ccc(OS(=O)(=O)c2cccc3cnccc23)cc1)C(=O)N1CCN(c2ccccc2)CC1)S(=O)(=O)c1cccc2cnccc12
328,O=C(O)C[C@H](O)C[C@H](O)C=Cc1c(C2CC2)nc2ccccc2c1-c1ccc(F)cc1
329,Cc1ccc(S(=O)(=O)Nc2nc3ccccc3nc2Nc2ccc3nsnc3c2)cc1
330,OC[C@H]1O[C@@H](n2cnc3c(NCc4ccco4)ncnc32)[C@H](O)[C@@H]1O
331,CCC(C)(C)C(=O)O[C@H]1C[C@@H](C)C=C2C=C[C@H](C)[C@H](CC[C@@H]3C[C@@H](O)CC(=O)O3)[C@H]21
332,Cc1nc(-c2cn3c(n2)-c2ccc(-c4cnn(C(C)(C)C(N)=O)c4)cc2OCC3)n(C(C)C)n1
333,CCCCCOc1c(OC)ccc2cc(C(=O)NCc3ccc4c(c3)OCO4)c(=O)[nH]c12
334,O=C1Nc2ccccc2C1=C1Nc2ccccc2C1=O
335,COC(=O)Nc1nc2cc(C(=O)c3cccs3)ccc2[nH]1
336,COc1ccc(Cl)c(Nc2nc3ccccc3nc2NS(=O)(=O)c2cccc(NC(=O)C(C)(C)N)c2)c1
337,CCCCC1=NC2(CCCC2)C(=O)N1Cc1ccc(-c2ccccc2-c2nnn[nH]2)cc1
338,CCNC(=O)c1cc2c(c(-c3cccc(-c4cccc(OC)c4)c3)n1)[C@H](CCO)N([S@@](=O)C(C)(C)C)C2
339,C[C@H]1CCCCO[C@@H](CN(C)S(=O)(=O)c2ccc(F)cc2)[C@H](C)CN([C@@H](C)CN(C)C)C(=O)c2cc(NC(=O)Nc3ccccc3)ccc2O1
340,CC=CCC(C)C(O)C1C(=O)NC(CC)C(=O)N(C)CC(=O)N(C)C(CC(C)C)C(=O)NC(C(C)C)C(=O)N(C)C(CC(C)C)C(=O)NC(C)C(=O)NC(C)C(=O)N(C)C(CC(C)C)C(=O)N(C)C(CC(C)C)C(=O)N(C)C(C(C)C)C(=O)N1C
341,CC(=O)O[C@]1(C(C)=O)CC[C@H]2[C@@H]3C=C(C)C4=CC(=O)CC[C@]4(C)[C@H]3CC[C@@]21C
342,CC(C=CC(=O)NO)=CC(C)C(=O)c1ccc(N(C)C)cc1
343,NC(=O)[C@@H](CCC(F)(F)F)N(Cc1ccc(-c2ncon2)cc1F)S(=O)(=O)c1ccc(Cl)cc1
344,NC1(C(=O)N[C@@H](CCO)c2ccc(Cl)cc2)CCN(c2ncnc3[nH]ccc23)CC1
345,COc1ccc(NC(=O)c2ccc(-c3ccc(-c4noc(C)n4)cc3C)cc2)cc1OCCN(C)C
346,CC[n+]1c(/C=C/N(C)c2ccccc2)n(-c2ccccc2)c2ccc(-c3nc4ccccc4s3)cc21
347,C[C@H]1CCCCO[C@H](CN(C)C(=O)c2ccncc2)[C@@H](C)CN([C@H](C)CO)C(=O)c2cc(NC(=O)c3ccncc3)ccc2O1
348,CC(=O)NC[C@H]1CN(c2ccc(-c3ccc(CNCc4cnn[nH]4)cc3)c(F)c2)C(=O)O1
349,O=C(C[C@H]1C[C@H]2c3cc(NS(=O)(=O)c4ccc(F)cc4)ccc3O[C@H]2[C@H](CO)O1)NCc1ccc(Oc2ccccc2)cc1
350,CN1CCN(C2=Nc3cc(Cl)ccc3Nc3ccccc32)CC1
351,Cc1cnc(Nc2ccc(OCCN3CCCC3)cc2)nc1Nc1cccc(S(=O)(=O)NC(C)(C)C)c1
352,C[C@H]1CN(CCCn2c3ccccc3c3ccccc32)C[C@@H](C)N1
353,COc1ccc(F)c(F)c1C(=O)c1cnc(NC2CCN(S(C)(=O)=O)CC2)nc1N
354,CC(C)(C)C(=O)OCOP(=O)(OCOC(=O)C(C)(C)C)C(C)(Oc1ccc(O)cc1)P(=O)(OCOC(=O)C(C)(C)C)OCOC(=O)C(C)(C)C
355,CCOC(=O)C1=C(C)NC(C)=C(C(=O)OCC)C1c1ccccc1C=CC(=O)OC(C)(C)C
356,O=C(NCCN1CCC2(CC1)C(=O)NCN2c1ccccc1)c1ccc2ccccc2c1
357,C#CCOC(=O)C1=CCCN(C)C1
358,CC(=O)Oc1ccccc1C(=O)Nc1ncc([N+](=O)[O-])s1
359,CCCC(=O)Nc1ccc2c(c1)C(=O)N(C)C[C@H](OC)[C@@H](C)CN(Cc1ccc(-c3ccccn3)cc1)[C@@H](C)CO2
360,CO[C@H]1C[C@@H]2CC[C@@H](C)[C@@](O)(O2)C(=O)C(=O)N2CCCC[C@H]2C(=O)O[C@H]([C@H](C)C[C@@H]2CC[C@@H](O)[C@H](OC)C2)CC(=O)[C@H](C)C=C(C)[C@@H](O)[C@@H](OC)C(=O)[C@H](C)C[C@H](C)C=CC=CC=C1C
361,C[C@@H](NC(=O)c1ncnc(N)c1Cl)c1ncc(C(=O)Nc2cc(C(F)(F)F)c(Cl)cn2)s1
362,COc1cc2c(cc1OC)[C@@H]1C(=O)c3ccc4c(c3O[C@@H]1CO2)C=CC(C)(C)O4
363,C=CC(=O)Nc1ccc2ncnc(Nc3cccc(Br)c3)c2c1
364,CN1C(=O)c2cc(NC(=O)Cc3cccs3)ccc2OC[C@H]2O[C@@H](CC(=O)NCc3ccc(-c4ccccc4)cc3)CC[C@H]21
365,Cc1cn(-c2cc(NC(=O)c3ccc(C)c(Nc4nccc(-c5cccnc5)n4)c3)cc(C(F)(F)F)c2)cn1
366,CN1C(=O)c2cc(NC(=O)c3ccc(C(F)(F)F)cc3)ccc2OC[C@@H]2O[C@H](CC(=O)NC3Cc4ccccc4C3)CC[C@@H]21
367,C#C[C@]1(O)CC[C@H]2[C@@H]3CCC4=CC(=O)CCC4=C3C=C[C@@]21CC
368,C=CCNc1oc(-c2ccc(Cl)cc2)nc1C#N
369,CC(C)C1(NC(=O)C2CC3c4cccc5[nH]cc(c45)CC3N(C)C2)OC2(O)C3CCCN3C(=O)C(Cc3ccccc3)N2C1=O
370,CNCCC(Oc1ccc(C(F)(F)F)cc1)c1ccccc1
371,CC(C)c1ccccc1Cc1cc(C(=O)Nc2ccc(S(=O)(=O)c3ccccc3C(C)(C)C)cc2)c(O)c(O)c1O
372,O=S1(=O)Nc2c(ccc3cccnc23)-c2ccccc21
373,O=C(Nc1ccc(C(F)(F)F)cc1)Nc1ccc2c(c1)[C@@H]1C[C@H](CC(=O)N3CCc4ccccc4C3)O[C@H](CO)[C@@H]1O2
374,c1csc(CNc2ncnc3ccc(-c4ccoc4)cc23)c1
375,CNC[C@@H]1Oc2cc(C#Cc3ccccc3F)ccc2S(=O)(=O)N([C@H](C)CO)C[C@H]1C
376,COc1cc(Nc2ncc3c(n2)-c2ccc(Cl)cc2C(c2c(F)cccc2OC)=NC3)ccc1C(=O)O
377,CC1=C(CO)C(=O)O[C@@H]([C@@H](C)[C@H]2CC[C@H]3[C@@H]4C[C@H]5O[C@]56[C@@H](O)C=CC(=O)[C@]6(C)[C@H]4CC[C@@]32C)C1
378,Cc1ccc(Nc2nccc(N(C)c3ccc4c(C)n(C)nc4c3)n2)cc1S(N)(=O)=O
379,O=C(C[C@@H]1C[C@@H]2c3cc(NS(=O)(=O)c4ccc(F)cc4)ccc3O[C@@H]2[C@@H](CO)O1)NCc1ccc(Oc2ccccc2)cc1
380,CC1CC(C)C(=O)C(C(O)CC2CC(=O)NC(=O)C2)C1
381,CCC(=C(c1ccccc1)c1ccc(OCCN(C)C)cc1)c1ccccc1
382,CN(C)C(=O)n1nnnc1Cc1ccc(-c2ccccc2)cc1
383,C/C=C/Cn1c(SCCCc2ccccc2)nc2c1c(=O)[nH]c(=O)n2C
384,Cc1cc(C)c(Nc2ccnc(Nc3ccc(C#N)cc3)n2)c(C)c1
385,O[C@H]1[C@H](O)[C@@H](O)[C@H](O)[C@@H](O)[C@H]1O
386,COc1cc2c3cc1Oc1c(OC)c(OC)cc4c1[C@@H](Cc1ccc(OC(=O)c5ccc([N+](=O)[O-])cc5)c(c1)Oc1ccc(cc1)C[C@@H]3N(C)CC2)N(C)CC4
387,CC=C(C(=CC)c1ccc(O)cc1)c1ccc(O)cc1
388,COc1cc(C)c(C=CC(C)=CC=CC(C)=CC(=O)O)c(C)c1C
389,CC[C@@H](C)Nc1cc(C(=O)NC2CC3CCC(C2)N3c2ccc(C(=O)C3CC3)cn2)c(C)cc1C(N)=O
390,S=C(NCCCCN(Cc1ccc(Cl)cc1)c1ccc(Br)cn1)NCCCc1c[nH]cn1
391,Cn1cc(C2=C(c3ccc(Cl)cc3Cl)C(=O)NC2=O)c2ccccc21
392,N=C(N)NCCNS(=O)(=O)c1cccc2cnccc12
393,O=C1NC(=O)C(=Cc2ccc3nccc(-c4ccncc4)c3c2)S1
394,CC(=O)O[C@@]1(C(C)=O)CC[C@H]2[C@@H]3CCC4=CC(=O)CCC4=C3[C@@H](c3ccc(N(C)C)cc3)C[C@@]21C
395,Cc1cc(CS(=O)(=O)c2ccccc2)cc(OCc2ccc(CN3CCC[C@@H]3CO)cc2)c1
396,CCOC(=O)O[C@]1(C(=O)OCCl)CC[C@H]2[C@@H]3CCC4=CC(=O)C=C[C@]4(C)[C@H]3[C@@H](O)C[C@@]21C
397,CCC(=O)O[C@]1(C(=O)SCF)[C@H](C)C[C@H]2[C@@H]3C[C@H](F)C4=CC(=O)C=C[C@]4(C)[C@@]3(F)[C@@H](O)C[C@@]21C
398,CC(C)(C)n1nc(-c2ccc(Cl)cc2)c2c(N)ncnc21
399,COc1cccc(-c2ccc3ncnc(NCc4cccc(C)c4)c3c2)c1
400,Cn1cc(-c2ccncc2)c(-c2ccc(OCc3ccc4ccccc4n3)cc2)n1
401,O=C(O)c1ccc(NCc2nc3cc4ccccc4cc3[nH]2)cc1
402,N#C[C@@H]1[C@H](c2ccc(C#Cc3ccccc3F)cc2)[C@H](CO)N1C(=O)c1cccnc1
403,NS(=O)(=O)OC[C@@H]1C[C@@H](n2ccc3c(N[C@H]4CCc5ccccc54)ncnc32)C[C@@H]1O
404,Cc1[nH]c(C=C2C(=O)Nc3ccc(S(=O)(=O)N(C)c4cccc(Cl)c4)cc32)c(C)c1C(=O)N1CCN(C)CC1
405,COc1cc2c(Oc3ccc(NC(=O)C4(C(=O)Nc5ccc(F)cc5)CC4)cc3F)ccnc2cc1OCCCN1CCOCC1
406,OC[C@H]1O[C@@H](n2cnc3cc(Cl)c(Cl)cc32)C(O)[C@H]1O
407,CC(C)c1cc(C(C)C)c(CC(=O)NS(=O)(=O)Oc2c(C(C)C)cccc2C(C)C)c(C(C)C)c1
408,CO[C@]12[C@@H](COC(N)=O)C3=C(C(=O)C(C)=C(N)C3=O)N1CC1N[C@H]12
409,O=C(Nc1cc(C(F)(F)F)cc(C(F)(F)F)c1)c1cc(Cl)ccc1O
410,CN[C@@H](C)C(=O)N[C@H](C(=O)N1CCC[C@H]1C(=O)Nc1snnc1-c1ccccc1)C1CCCCC1
411,CC(C)n1cnc2c(NCc3ccccc3)nc(NCCO)nc21
412,COc1cc(CCc2cc(NC(=O)c3ccc(N4C[C@H](C)N[C@H](C)C4)cc3)n[nH]2)cc(OC)c1
413,Clc1ccc(CON=C(Cn2ccnc2)c2ccc(Cl)cc2Cl)c(Cl)c1
414,CC(C)C#Cc1ccc([C@H]2[C@@H](C#N)N(C(=O)c3cccc(F)c3)[C@@H]2CO)cc1
415,CC(=O)NC1=NN(C(C)=O)C(C)(c2ccccc2)S1
416,COC1=C2C[C@@H](C)C[C@H](OC)[C@H](O)[C@@H](C)C=C(C)[C@H](OC(N)=O)[C@@H](OC)C=CC=C(C)C(=O)NC(=CC1=O)C2=O
417,CCN(CC)CC1CCN(c2ncc3ncnc(Nc4ccc(F)c(Cl)c4)c3n2)CC1
418,C=CC(=O)Nc1cc2c(Nc3ccc(F)c(Cl)c3)ncnc2cc1OCCCN1CCOCC1
419,CCCCCS(=O)(=O)CCCCCCCCCCn1c(-c2ccc(O)cc2)c(C)c2cc(O)ccc21
420,CNC(=O)c1ccccc1Sc1ccc2c(C=Cc3ccccn3)n[nH]c2c1
421,Fc1ccc(C(OCCN2CCN(CCCc3ccccc3)CC2)c2ccc(F)cc2)cc1
422,N#CC(=C(N)Sc1ccc(N)cc1)c1ccccc1C(F)(F)F
423,Cn1cncc1[C@](N)(c1ccc(Cl)cc1)c1ccc2c(c1)c(-c1cccc(Cl)c1)cc(=O)n2C
424,C[C@]1(O)C[C@@H](c2nc(-c3ccc4ccc(-c5ccccc5)nc4c3)c3c(N)nccn32)C1
425,COC(=O)c1ccc([C@@H]2c3[nH]c4ccccc4c3C[C@@H](C(=O)OC)N2C(=O)CCl)cc1
426,CO[C@@H]1CC[C@@H]2CCOc3c(C#N)cccc3C(=O)N(C)CCCC(=O)N(C)C[C@@H]1O2
427,COc1cccc2c1C(=O)c1c(O)c3c(c(O)c1C2=O)C[C@@](O)(C(=O)CO)C[C@@H]3OC1C[C@H](N)[C@H](O)[C@H](C)O1
428,CO[C@@H]1[C@H](N(C)C(=O)c2ccccc2)C[C@H]2O[C@]1(C)n1c3ccccc3c3c4c(c5c6ccccc6n2c5c31)C(=O)NC4
429,C=CCNC1=C2C[C@@H](C)C[C@H](OC)[C@H](O)[C@@H](C)C=C(C)[C@H](OC(N)=O)[C@@H](OC)C=CC=C(C)C(=O)NC(=CC1=O)C2=O
430,COc1cc2nc(N3CCCN(C)CC3)nc(NC3CCN(Cc4ccccc4)CC3)c2cc1OC
431,CN(C)CC(=O)N1CCCCN2[C@H](CO)[C@H](c3ccc(C=Cc4ccccc4)cc3)[C@H]2C1
432,CCCCc1ccc2[nH]c(NC(=O)OC)nc2c1
433,CCc1cn([C@H]2C[C@H](O)[C@@H](CO)O2)c(=O)[nH]c1=O
434,CC(C)C[C@H](NC(=O)[C@H](Cc1ccccc1)NC(=O)c1cnccn1)B(O)O
435,O=C1NC(=S)S/C1=C/c1cc(Br)ccc1OCc1ccccc1Br
436,C=CCc1ccc(O)c(-c2ccc(O)c(CC=C)c2)c1
437,CN(C)CC[C@H](CSc1ccccc1)Nc1ccc(S(=O)(=O)NC(=O)c2ccc(N3CCN(Cc4ccccc4-c4ccc(Cl)cc4)CC3)cc2)cc1[N+](=O)[O-]
438,CCN(CC)CCOc1ccc(/C(=C(/Cl)c2ccccc2)c2ccccc2)cc1
439,CCC(=O)O[C@]1(C(=O)CCl)[C@@H](C)CC2C3CCC4=CC(=O)C=C[C@]4(C)[C@@]3(F)[C@@H](O)C[C@@]21C
440,C=CC(=O)Nc1cccc(Nc2nc(Nc3ccc(N4CCN(C(C)=O)CC4)cc3OC)ncc2C(F)(F)F)c1
441,COc1ccc(OC)c(-c2nnc3n2N=C(c2ccc(OC)c(OC)c2)CS3)c1
442,O=c1[nH]cc(F)c(=O)[nH]1
443,Cc1nc(Nc2ncc(C(=O)Nc3c(C)cccc3Cl)s2)cc(N2CCN(CCO)CC2)n1
444,CC(=O)N[C@H]1C[C@@H](C(=O)Nc2cc(-c3ccc(F)cc3)ccc2N)C1
445,COC(=O)Nc1nc2ccc(C(=O)c3ccccc3)cc2[nH]1
446,CC(=O)Nc1ccc(C(=O)Nc2ccc(F)cc2N)cc1
447,Cc1cc(Nc2cc(N3CCN(C)CC3)nc(Sc3ccc(NC(=O)C4CC4)cc3)n2)[nH]n1
448,O=C(O)c1ccc2c(c1)nc(Nc1cccc(Cl)c1)c1ccncc12
449,COc1cc2nc(N3CCN(C(=O)c4ccco4)CC3)nc(N)c2cc1OC
450,COc1ccc(CN(C)C[C@@H]2OCCCC[C@H](C)Oc3ccc(NC(=O)C4CCCCC4)cc3C(=O)N([C@@H](C)CO)C[C@H]2C)cc1
451,COc1ccccc1N1CCN(CC(O)COc2cccc3ccccc23)CC1
452,S=C(NCc1ccc2c(c1)OCO2)N1CCN(c2ncnc3c2oc2ccccc23)CC1
453,C[C@H]1CN([C@H](C)CO)C(=O)c2ccccc2-c2ccccc2CO[C@@H]1CN(C)Cc1ccc2c(c1)OCO2
454,Cn1ncc(Cl)c1-c1cc(C(=O)N[C@H](CN)Cc2cccc(F)c2)sc1Cl
455,Cc1cc(-c2cc(OC(=O)c3ccccc3)ccc2Cl)cc2nnc(Nc3ccc(OCCN4CCCC4)cc3)nc12
456,CC(=O)NC(c1cc(Cl)c2cccnc2c1O)C1CC1
457,N#C[C@H]1[C@@H](c2ccc(-c3cccnc3)cc2)[C@@H](CO)N1C(=O)Nc1ccc(F)cc1
458,COc1cc2c(cc1OC)C(=O)C(CC1CCN(Cc3ccccc3)CC1)C2
459,CCN(CC)C(C)CN1c2ccccc2Sc2ccccc21
460,O=C1CN2Cc3c(ccc(Cl)c3Cl)N=C2N1
461,CC1(C)C=C2C(=[N+]([O-])c3cc4c(cc32)C=CC(C)(C)O4)C(C)(C)C1
462,COc1ccc(CNC(=O)Nc2ncc([N+](=O)[O-])s2)cc1
463,CCCN(CCC)CCc1ccc(O)c(O)c1
464,O=c1c(-c2ccc(O)cc2)coc2cc(O)ccc12
465,CN1CCC(CNc2ccc3ncc(-c4cccc(OC(F)(F)F)c4)n3n2)CC1
466,CN(C)Cc1c(C(=O)NCCOc2ccc(C(=O)NO)cc2)oc2ccccc12
467,COc1ccc(CN2C(=O)[C@@H]3Cc4c([nH]c5ccccc45)C(C)(C)N3C2=O)cc1
468,CC1=C(/C=C/C(C)=C\C=C\C(C)=C\C(=O)O)C(C)(C)CCC1
469,CCCCN1CCCCC1C(=O)Nc1c(C)cccc1C
470,CCCC1OC2CC3C4CCC5=CC(=O)C=CC5(C)C4C(O)CC3(C)C2(C(=O)CO)O1
471,CC1(C)O[C@@H]2CC3C4C[C@H](F)C5=CC(=O)C=C[C@]5(C)[C@@]4(F)[C@@H](O)C[C@]3(C)[C@]2(C(=O)CO)O1
472,O=C1Nc2ccccc2C1=C1Nc2ccccc2C1=NO
473,O=C(Cc1cccnc1)N1CC(=O)N2[C@H](C1)[C@H](c1ccc(C=Cc3ccccc3)cc1)[C@@H]2CO
474,c1ccc(CNc2ncnc3ccccc23)cc1
475,CC(=O)Nc1ccc(CNc2ncnc3ccc(-c4c(C)noc4C)cc23)cc1
476,C=CC[C@]1(O)CCC2C3CCC4=CC(=O)CCC4=C3C=C[C@@]21C
477,CC(C=CC(=O)NO)=C[C@@H](C)C(=O)c1ccc(N(C)C)cc1
478,CCCCCC(O)c1cccc(OCc2ccc3ccccc3n2)c1
479,C=CC(=O)Nc1cccc(Nc2nc(Nc3ccc(Oc4ccnc(C(=O)NC)c4)cc3)ncc2F)c1
480,CCC(C)[C@H]1O[C@]2(CC[C@@H]1C)C[C@@H]1C[C@@H](CC=C(C)[C@@H](OC3C[C@H](OC)C(O[C@H]4C[C@H](OC)[C@@H](O)[C@H](C)O4)[C@H](C)O3)[C@@H](C)C=CC=C3CO[C@@H]4[C@H](O)C(C)=C[C@@H](C(=O)O1)[C@]34O)O2
481,CCN1CCN(CC(=O)Nc2ccc(-c3cccc4c(=O)cc(N5CCOCC5)oc34)c3sc4ccccc4c23)CC1
482,O=c1cc(N2CCN(c3cccc(Cl)c3)CC2)[nH]c(=O)n1C1CCCCC1
483,Nc1ccccc1NC(=O)c1ccc(CNC(=O)OCc2cccnc2)cc1
484,Cc1[nH]c2ccccc2c1CCNCc1ccc(C=CC(=O)NO)cc1
485,CN1CCN(c2ccc(OC(F)(F)F)c(Nc3ncc4c(n3)-c3c(c(C(N)=O)nn3CCO)CC4)c2)CC1
486,OCc1ccc(-c2ccc(-c3ccc(CO)s3)o2)s1
487,CN(C)c1ccc2c(c1)[C@H]1C[C@H](CC(=O)NCc3ccc4c(c3)OCO4)O[C@H](CO)[C@H]1O2
488,COc1cc(Nc2c(C#N)cnc3cc(OCCCN4CCN(C)CC4)c(OC)cc23)c(Cl)cc1Cl
489,CC(=O)c1c(C)c2cnc(Nc3ccc(N4CCNCC4)cn3)nc2n(C2CCCC2)c1=O
490,COc1ccc(CNC(=O)c2cc3c(c(-c4cccc(-c5cccc(C#N)c5)c4)n2)[C@H](CCO)N([S@@](=O)C(C)(C)C)C3)cc1
491,Cc1ccc2nc(NCCN)c3ncc(C)n3c2c1
492,C[C@]12C[C@H](O)[C@@]3(F)C(CCC4=CC(=O)C=C[C@@]43C)C1C[C@@H](O)[C@]2(O)C(=O)CO
493,Cc1cc(-c2nc(-c3ccc(OC(F)(F)F)cc3)no2)nn1Cc1ccnc(N2CCN(C3CC3)CC2)c1
494,Cc1c(O)cccc1C(=O)N[C@@H](CSc1ccccc1)[C@H](O)CN1C[C@H]2CCCC[C@H]2C[C@H]1C(=O)NC(C)(C)C
495,COc1cc2c(cc1-c1c(C)noc1C)ncc1[nH]c(=O)n([C@H](C)c3ccccn3)c12
496,O=C1N[C@@H]2C(=C[C@H](O)[C@@H](O)[C@H]2O)c2cc3c(c(O)c21)OCO3
497,CO[C@H]1CN(C)C(=O)c2cc(NC(=O)NC(C)C)ccc2OC[C@H](C)N(Cc2ccc(-c3ccccn3)cc2)C[C@@H]1C
498,CC(C)Nc1cc(-c2c[nH]c(C(=O)N[C@H](CO)c3cccc(Cl)c3)c2)c(Cl)cn1
499,CC(C)CNc1ccnc(NCc2csc(-c3ccccc3)n2)n1
500,C[C@@H](Oc1cc(-c2cnn(C3CCNCC3)c2)cnc1N)c1c(Cl)ccc(F)c1Cl
501,CC(C)[C@H]1C(=O)N[C@@H](CCCNC(=N)N)C(=O)NCC(=O)N[C@@H](CC(=O)O)C(=O)N[C@H](Cc2ccccc2)C(=O)N1C
502,Brc1ccc(CSc2nnc(-c3ccccn3)n2Cc2ccco2)cc1
503,CN1CCC(=C2c3ccccc3CCc3sccc32)CC1
504,CCS(=O)(=O)N1CC(CC#N)(n2cc(-c3ncnc4[nH]ccc34)cn2)C1
505,O=C(c1ccc(F)c(F)c1Nc1ccc(I)cc1F)N1CC(O)([C@@H]2CCCCN2)C1
506,C[C@H]1c2cccc(O)c2C(=O)C2C(=O)[C@]3(O)C(=O)C(C(N)=O)C(=O)[C@@H](N(C)C)[C@@H]3[C@@H](O)[C@@H]21
507,CCCCCCCCCCCCCC(=O)OC1C(C)C2(O)C(C=C(CO)CC3(O)C(=O)C(C)=CC32)C2C(C)(C)C12OC(C)=O
508,COc1cc2nccc(Oc3ccc(NC(=O)Nc4ccc(F)cc4F)c(F)c3)c2cc1OC
509,CCc1cc2c(cc1N1CCC(N3CCOCC3)CC1)C(C)(C)c1[nH]c3cc(C#N)ccc3c1C2=O
510,CC(=O)OCC(=O)[C@@]12OC(C)(C)O[C@@H]1CC1C3C[C@H](F)C4=CC(=O)C=C[C@]4(C)[C@@]3(F)[C@@H](O)C[C@@]12C
511,O=C(c1cc(Cc2n[nH]c(=O)c3ccccc23)ccc1F)N1CCN(C(=O)C2CC2)CC1
512,Cc1cc(Nc2cc(N3CCN(C)CC3)nc(Sc3ccc(NC(=O)C4CC4)cc3)n2)n[nH]1
513,COc1ccc(Cc2nccc3cc(OC)c(OC)cc23)cc1OC
514,Cc1cccc(C)c1OCC(=O)N[C@@H](Cc1ccccc1)[C@@H](O)C[C@H](Cc1ccccc1)NC(=O)[C@H](C(C)C)N1CCCNC1=O
515,O=C(O)c1c[nH]c2c(Cl)c(Cl)ccc2c1=O
516,CC1(C)O[C@@H]2CC3C4CCC5=CC(=O)C=C[C@]5(C)[C@@]4(F)[C@@H](O)C[C@]3(C)[C@]2(C(=O)CO)O1
517,COc1ccc(S(=O)(=O)N(C(C)=O)c2ccccc2C=Cc2cc[n+]([O-])cc2)cc1
518,CCC(C)n1ncn(-c2ccc(N3CCN(c4ccc(OCC5COC(Cn6cncn6)(c6ccc(Cl)cc6Cl)O5)cc4)CC3)cc2)c1=O
519,COC(=O)C1=C(C)NC(C)=C(C(=O)OCCCN2CCC(c3ccccc3)(c3ccccc3)CC2)[C@@H]1c1cccc([N+](=O)[O-])c1
520,Cc1ccc([N+](=O)[O-])cc1S(=O)(=O)N(C)N=Cc1cnc2ccc(Br)cn12
521,OCCNc1nc(Nc2ccccc2Cl)nc(N2CCCC2)n1
522,CC(C)[C@@H](CS(=O)(=O)C(C)C)N1C(=O)[C@@](C)(CC(=O)O)C[C@H](c2cccc(Cl)c2)[C@H]1c1ccc(Cl)cc1
523,CN(C)c1nc(N)nc(CSc2nnnn2-c2ccccc2)n1
524,CS(=O)(=O)CCNCc1ccc(-c2ccc3ncnc(Nc4ccc(OCc5cccc(F)c5)c(Cl)c4)c3c2)o1
525,CNC(=O)c1cc(Oc2ccc(NC(=O)Nc3ccc(Cl)c(C(F)(F)F)c3)c(F)c2)ccn1
526,O=C(C[C@@H]1C[C@@H]2c3cc(NC(=O)c4ccc5c(c4)OCO5)ccc3O[C@@H]2[C@@H](CO)O1)NCc1ccc(Oc2ccccc2)cc1
527,CCCc1nn(C)c2c(=O)[nH]c(-c3cc(S(=O)(=O)N4CCN(C)CC4)ccc3OCC)nc12
528,Cc1cc2c(F)c(Oc3ncnn4cc(OC[C@@H](C)O)c(C)c34)ccc2[nH]1
529,COC[C@H](NC(=O)c1cnc(C)s1)C(=O)N[C@@H](COC)C(=O)N[C@@H](Cc1ccccc1)C(=O)C1(C)CO1
530,O=C(c1ccc(Cl)cc1)N1CCN(c2ccnc3cc(Cl)ccc23)CC1
531,CCCN(C)C[C@@H]1Oc2cc(C#CCC3CCCC3)ccc2S(=O)(=O)N([C@H](C)CO)C[C@@H]1C
532,C=CC(=O)N1CCCC(n2nc(-c3ccc(Oc4ccccc4)cc3)c3c(N)ncnc32)C1
533,Nc1ccn([C@@H]2O[C@H](CO)[C@@H](O)[C@@H]2O)c(=O)n1
534,CN(C)CCOc1ccc(C(=C(CCCl)c2ccccc2)c2ccccc2)cc1
535,C1CCC(C(CC2CCCCN2)C2CCCCC2)CC1
536,c1cc(-c2sc(-c3ccncc3)c(-c3ccncc3)c2-c2ccncc2)ccn1
537,CS(=O)(=O)N1CCN(Cc2cc3nc(-c4cccc5[nH]ncc45)nc(N4CCOCC4)c3s2)CC1
538,Cc1cc(C)c(N(Cc2ccccc2)S(=O)(=O)c2ccc(OCCNC(=O)c3cc4ccccc4o3)cc2)c(C(=O)NO)c1
539,Nc1ccc(-c2cccc3c(=O)cc(N4CCOCC4)oc23)cc1
540,NS(=O)(=O)c1nn2cc(-c3ccccc3)nc2s1
541,CN(Cc1ccccc1)C(=O)[C@H](Cc1ccc2ccccc2c1)NC(=O)[C@@H]1C[C@@H](O)CN1C(=O)c1cn(C)c2ccccc12
542,COc1ccccc1S(=O)(=O)Nc1ccc2c(c1)CN(C)C(=O)N2
543,O=S(=O)(NCCNCC=Cc1ccc(Br)cc1)c1cccc2cnccc12
544,O=C(C=Cc1cccc(S(=O)(=O)Nc2ccccc2)c1)NO
545,COc1ccc(CN2CCN(C(c3ccc(F)cc3)c3ccc(F)cc3)CC2)c(OC)c1OC
546,CCCCC(=O)OCC(=O)[C@]1(O)Cc2c(O)c3c(c(O)c2[C@@H](O[C@H]2C[C@H](NC(=O)C(F)(F)F)[C@H](O)[C@H](C)O2)C1)C(=O)c1c(OC)cccc1C3=O
547,CN(C)S(=O)(=O)c1ccc(N2CCN(C(=O)c3ccc4c(c3)OCO4)CC2)cc1
548,CCC1(O)CC2CN(CCc3c([nH]c4ccccc34)C(C(=O)OC)(c3cc4c(cc3OC)N(C)C3C(O)(C(=O)OC)C(C(=O)OC)C5(CC)C=CCN6CCC43C65)C2)C1
549,O=C(C[C@@H]1CC[C@H]2[C@@H](COC[C@@H](O)CN2Cc2ccc(Oc3ccccc3)cc2)O1)N1CCc2ccccc2C1
550,CCOc1ccccc1-n1c(C(C)N2CCN(C(=O)COc3ccc(Cl)cc3)CC2)nc2ccccc2c1=O
551,O=C(COc1c(Cl)cc(Cl)cc1Cl)NN=Cc1ccc[nH]1
552,CCCCCCNC(=O)n1cc(F)c(=O)[nH]c1=O
553,Clc1ccc(C(Cn2ccnc2)OCc2ccsc2Cl)c(Cl)c1
554,C#C[C@]1(O)CC[C@H]2[C@@H]3CCC4=Cc5oncc5C[C@]4(C)[C@H]3CC[C@@]21C
555,O=C1NCCN1CCN1CCC(c2cn(-c3ccc(F)cc3)c3ccc(Cl)cc23)CC1
556,CC(C=CC=C(C)/C=C/C1=C(C)CCCC1(C)C)=CC(=O)O
557,C[C@@H]1O[C@@H](O[C@@H]2C[C@@H](O)[C@]3(CO)[C@H]4[C@H](O)C[C@]5(C)[C@@H](C6=CC(=O)OC6)CC[C@]5(O)[C@@H]4CC[C@]3(O)C2)[C@H](O)[C@H](O)[C@H]1O
558,CC1(C)CCC(C)(C)c2cc(C(=O)Nc3ccc(C(=O)O)cc3)ccc21
559,COc1cc(C=CC(=O)CC(=O)C=Cc2ccc(O)c(OC)c2)ccc1O
560,COC(=O)C1=C(C)NC(C)=C(C(=O)OC)C1c1ccccc1[N+](=O)[O-]
561,CN(C)CCN1C(=O)c2cccc3cc(N)cc(c23)C1=O
562,Cc1cnc(CNC(=O)c2c(=O)c3ccc(N4CCCN(C)CC4)nc3n3c2sc2ccccc23)cn1
563,Oc1ccc([C@H]2COc3cc(O)ccc3C2)cc1
564,Cc1cc(C)n(-c2nc(NCCCO)c3c4c(sc3n2)CCCC4)n1
565,CN1C(=O)C(=C2C(=O)Nc3ccccc32)c2ccccc21
566,N#C[C@@H]1N[C@H](CO)[C@@H]1c1ccc(-c2cccc(F)c2)cc1
567,CCCS(=O)(=O)Nc1ccc(F)c(C(=O)c2c[nH]c3ncc(-c4ccc(Cl)cc4)cc23)c1F
568,C[C@@H]1C[C@@H]2O[C@H]2C=CC=CC(=O)Cc2c(Cl)c(O)cc(O)c2C(=O)O1
569,COc1cccc2c1C(=O)c1c(O)c3c(c(O)c1C2=O)C[C@@](O)(C(C)=O)C[C@H]3O[C@H]1C[C@H](N)[C@H](O)[C@H](C)O1
570,CCn1c(-c2nonc2N)nc2cnc(Oc3cccc(NC(=O)c4ccc(OCCN5CCOCC5)cc4)c3)cc21
571,OC[C@H]1[C@@H](c2ccc(C=Cc3ccccc3)cc2)[C@H]2CN(Cc3cccnc3)CCCCN21
572,C[C@H]1CN(C(=O)c2cc3c(C(=O)C(=O)N(C)C)cn(C)c3cc2Cl)[C@H](C)CN1Cc1ccc(F)cc1
573,Cc1cccc(-c2[nH]c(C(C)(C)C)nc2-c2ccc3nccnc3c2)n1
574,O=C(Nc1ccc([N+](=O)[O-])cc1O)Nc1ccccc1Br
575,CCCSc1ccc2[nH]c(NC(=O)OC)nc2c1
576,Cc1ccc(NC(=O)c2ccc(CN3CCN(C)CC3)cc2)cc1Nc1nc(-c2cccnc2)cs1
577,CCc1ccc(CCOc2ccc(CC3SC(=O)NC3=O)cc2)nc1
578,CNC(=C[N+](=O)[O-])NCCSCc1ccc(CN(C)C)o1
579,CCn1c(-c2nonc2N)nc2c(C#CC(C)(C)O)ncc(OC[C@H]3CCCNC3)c21
580,CC=C1NC(=O)[C@H]2CSSCCC=C[C@H](CC(=O)N[C@H](C(C)C)C(=O)N2)OC(=O)[C@H](C(C)C)NC1=O
581,CC(C)N(CCCNC(=O)Nc1ccc(C(C)(C)C)cc1)C[C@H]1O[C@@H](n2cnc3c(N)ncnc32)C(O)[C@H]1O
582,Cc1c(NC(=O)c2cc3c(s2)CCCC3)cccc1-c1cn(C)c(=O)c(Nc2ccc(C3C(=O)N(C)CCN3C)cc2)n1
583,C[C@H]1CN([C@H](C)CO)C(=O)Cc2cc(NS(C)(=O)=O)ccc2O[C@@H]1CN(C)Cc1ccc(-c2ccccc2)cc1
584,N#CC(=C(N)Sc1ccccc1N)C(C#N)=C(N)Sc1ccccc1N
585,COc1ccc2c3c(n(C)c2c1)[C@@H](CO)N(C(=O)C1CC1)CC31CCN(Cc2cccc(F)c2)CC1
586,COc1cc([C@@H]2c3cc4c(cc3[C@@H](O[C@@H]3O[C@@H]5CO[C@@H](C)O[C@H]5[C@H](O)[C@H]3O)[C@H]3COC(=O)[C@H]23)OCO4)cc(OC)c1O
587,COc1cccc(-c2cccc(-c3nc(C(=O)NCC(F)(F)F)cc4c3[C@H](CCO)N([S@@](=O)C(C)(C)C)C4)c2)c1
588,C=CCNC1=C2CC(C)CC(OC)C(O)C(C)C=C(C)C(OC(N)=O)C(OC)C=CC=C(C)C(=O)NC(=CC1=O)C2=O
589,CC(C)c1cc(-c2n[nH]c(=O)n2-c2ccc3c(ccn3C)c2)c(O)cc1O
590,COc1ccc(COc2cc3oc(=O)c4cc(C(C)O)ccc4c3cc2OC)cc1
591,CCN(CC)CCCCNc1ncc2cc(-c3cc(OC)cc(OC)c3)c(NC(=O)NC(C)(C)C)nc2n1
592,CC(C)(C)c1cc(C=C(C#N)C(N)=S)cc(C(C)(C)C)c1O
593,CN(C)CC(=O)N1CCCCN2[C@H](CO)[C@@H](c3ccc(C=Cc4ccccc4)cc3)[C@@H]2C1
594,CCC(C)C(=O)c1c(O)c(C)c2oc3c(C)c(O)c(C(=O)C(C)CC)c(O)c3c2c1O
595,CC(=O)C(C#N)C(=O)Nc1ccc(C(F)(F)F)cc1
596,Cc1cc(C2CCCCC2)n(O)c(=O)c1
597,COc1cccc(N(C(=O)CCl)C(C(=O)NCCc2ccccc2)c2cccs2)c1
598,C[C@H]1CN([C@@H](C)CO)C(=O)c2cc(NC(=O)Cc3ccccc3)ccc2O[C@H]1CN(C)Cc1ccc2c(c1)OCO2
599,COc1cccc(NC(=O)N[C@@H]2C=C[C@H](CC(=O)Nc3ccc(-c4ccccc4)cc3)O[C@H]2CO)c1
600,CCCCc1nc2cc(C=CC(=O)NO)ccc2n1CCN(CC)CC
601,N#C[C@@H]1[C@H](c2ccccc2)[C@@H](CO)N1S(=O)(=O)c1ccc(F)cc1
602,Clc1ccccc1C(c1ccccc1)(c1ccccc1)n1ccnc1
603,CC(=O)N1CCN(CCOc2ccc(C3CCN(C4=Nn5c(nnc5C(F)(F)F)CC4)CC3)cc2)CC1
604,COc1cc(-c2cc[n+](C)cc2)ccc1O
605,CC(=O)c1c(O)c(C)c(O)c(Cc2c(O)c3c(c(C(=O)/C=C/c4ccccc4)c2O)OC(C)(C)C=C3)c1O
606,Cn1cnc2c(F)c(Nc3ccc(Br)cc3Cl)c(C(=O)NOCCO)cc21
607,CCC(OC(=O)c1ccc(S(C)(=O)=O)c([N+](=O)[O-])c1)C(=O)NC1C2CC3CC(C2)CC1C3
608,COc1ccc(C2=NC(c3ccc(Cl)cc3)C(c3ccc(Cl)cc3)N2C(=O)N2CCNC(=O)C2)c(OC(C)C)c1
609,CC12CCC3c4ccc(O)cc4CC(CCCCCCCCCS(=O)CCCC(F)(F)C(F)(F)F)C3C1CCC2O
610,Cc1c(P(=S)(c2ccccc2)c2ccccc2)n2ccccc2[n+]1CC=Cc1ccccc1
611,CO[C@H]1C[C@@H]2CC[C@@H](C)[C@@](O)(O2)C(=O)C(=O)N2CCCC[C@H]2C(=O)O[C@H]([C@@H](C)C[C@@H]2CC[C@@H](OCCO)[C@H](OC)C2)CC(=O)[C@H](C)C=C(C)[C@H](O)[C@@H](OC)C(=O)[C@H](C)C[C@H](C)C=CC=CC=C1C
612,CC(C)(O)[C@H]1O[C@H]2CC[C@@]3(C)[C@@](O)(CC[C@H]4Cc5c([nH]c6ccccc56)[C@@]43C)C2=CC1=O
613,CN(C)CC(=O)N1CCCCN2[C@H](C1)[C@H](c1ccc(C=Cc3ccccc3)cc1)[C@@H]2CO
614,Oc1ccc(-c2nc(-c3ccc(F)cc3)c(-c3ccncc3)[nH]2)cc1
615,COC[C@H]1OC(=O)c2coc3c2[C@@]1(C)C1=C(C3=O)[C@@H]2CCC(=O)[C@@]2(C)C[C@H]1OC(C)=O
616,COc1ccc(CN(C)C[C@@H]2OCCCC[C@@H](C)Oc3ccc(NC(=O)Nc4ccc(C(F)(F)F)cc4)cc3C(=O)N([C@@H](C)CO)C[C@@H]2C)cc1
617,CC(=O)Nc1ccc(C(=O)Nc2ccccc2N)cc1
618,COC1=CC(c2cc3ccccc3[nH]2)=NC1=Cc1[nH]c(C)cc1C
619,Cc1ccc(Sc2ccccc2N2CCNCC2)c(C)c1
620,O=C(O)C=Cc1ccc(-c2ccc(O)c(C34C[C@H]5C[C@@H](C3)C[C@@H](C4)C5)c2)c(Cl)c1
621,OCCNCCCOc1cccc(Cl)c1Cl
622,O=C(Nc1c[nH]nc1-c1nc2cc(CN3CCOCC3)ccc2[nH]1)NC1CC1
623,C[C@]12CC[C@@H]3c4ccc(O)cc4CC[C@H]3[C@@H]1CC[C@@H]2O
624,Cc1ncc(-c2ccnc(Nc3ccc(S(C)(=O)=O)cc3)n2)n1C(C)C
625,O=c1[nH]c(=O)n([C@H]2C[C@H](O)C(CO)O2)cc1I
626,C[C@]12C[C@H](O)C3C(CCC4=CC(=O)CC[C@@]43C)C1CC[C@]2(O)C(=O)CO
627,CCN(C[C@H]1N[C@@H](CO)[C@@H]1c1ccc(-c2ccc(F)cc2)cc1)C(=O)COC
628,C=CC[C@@H]1C=C(C)C[C@H](C)C[C@H](OC)[C@H]2O[C@@](O)(C(=O)C(=O)N3CCCC[C@H]3C(=O)O[C@H](C(C)=C[C@@H]3CC[C@@H](O)[C@H](OC)C3)[C@H](C)[C@@H](O)CC1=O)[C@H](C)C[C@@H]2OC
629,CCC(=O)CCCCC[C@@H]1NC(=O)[C@H]2CCCCN2C(=O)[C@H]([C@H](C)CC)NC(=O)[C@H](Cc2cn(OC)c3ccccc23)NC1=O
630,COc1ccc(-c2ccc([C@H]3[C@H]4CN(C(=O)Cc5ccncc5)CCCCN4[C@H]3CO)cc2)cc1
631,COc1ccccc1NC(=O)N1CCCCN2[C@H](CO)[C@H](c3ccc(-c4cccc(C#N)c4)cc3)[C@H]2C1
632,C[C@H]1CN([C@H](C)CO)C(=O)c2ccccc2-c2ccccc2CO[C@@H]1CN(C)S(=O)(=O)c1ccc(Cl)cc1
633,CC(C)NCC(O)COc1cccc2[nH]ccc12
634,CCN(CC)CCNC(=O)c1c(C)[nH]c(C=C2C(=O)Nc3ccc(F)cc32)c1C
635,CC[C@H](C)C(=O)O[C@H]1CCC=C2C=C[C@H](C)[C@H](CC[C@@H]3C[C@@H](O)CC(=O)O3)[C@H]21
636,COc1ccc(CN(C)C[C@H]2OCCCC[C@@H](C)Oc3ccc(NC(=O)Nc4ccc(C(F)(F)F)cc4)cc3C(=O)N([C@@H](C)CO)C[C@@H]2C)cc1
637,CCCCCC=CC=C1C(=O)C=C[C@@H]1CC=CCCCC(=O)O
638,C[C@H]1CC2C3CC[C@](O)(C(=O)CO)[C@@]3(C)C[C@H](O)C2[C@@]2(C)C=CC(=O)C=C12
639,OC(CN1CCNCC1)Cn1c2ccc(Br)cc2c2cc(Br)ccc21
640,Cc1cccc(S(=O)(=O)N2C[C@H](O)COC[C@H]3O[C@H](CC(=O)Nc4ccc(-c5ccccc5)cc4)CC[C@@H]32)c1
641,NC(=O)N1CCC(CC(=O)N2CCC([C@H]3c4ncc(Br)cc4CCc4cc(Cl)cc(Br)c43)CC2)CC1
